,ax,ay,az,labelWalking,gx,gy,gz,temp
2022-06-07 00:00:05.001,-4.1989788,8.622323999999999,-3.192362,1,9.8682928,-48.6805156,35.3926788,39.471199999999996
2022-06-07 00:00:05.251,-3.2560964,9.438493600000001,-4.0939364000000005,1,15.980487599999998,-9.656112000000002,-18.178052944,39.48
2022-06-07 00:00:05.501,-4.1088878399999995,8.069412799999998,-3.1775067999999997,1,-37.9731484,54.5073284,-0.34879040000000006,39.472
2022-06-07 00:00:05.751,-5.608604000000001,8.704641200000001,-2.3363116399999995,1,-7.6097546,-25.5171056,-20.28781416,39.4744
2022-06-07 00:00:06.001,-3.5500392,8.410029999999999,-3.9783512,1,64.982924,-60.6341288,17.2243836,39.471599999999995
2022-06-07 00:00:06.251,-5.271340800000001,8.4979156,-3.6368719999999994,1,13.663409199999998,-44.46343720000001,19.817077679999997,39.4724
2022-06-07 00:00:06.501,-4.018414,8.8060432,-2.8903672,1,-29.858534,55.390268000000006,-11.612205199999998,39.4708
2022-06-07 00:00:06.751,-6.2587876,8.2135616,-2.55233756,1,-2.6438531999999997,-32.0609308,-13.473189200000002,39.471599999999995
2022-06-07 00:00:07.001,-2.98409964,8.1644888,-5.1479935999999995,1,42.2780444,-23.575567120000006,20.91951028,39.4704
2022-06-07 00:00:07.251,-5.5716104,7.511718400000001,-3.4189292,1,18.268292000000002,-9.256105200000002,-40.436631199999994,39.4692
2022-06-07 00:00:07.501,-5.622502,7.4744344,-3.4119321199999995,1,-70.2512528,27.7755948,-19.487808800000003,39.472
2022-06-07 00:00:07.751,-8.1663096,7.020915200000001,-3.3304683999999996,1,35.23650392,11.165841999999998,-20.348786624000002,39.4692
2022-06-07 00:00:08.001,-5.3859668,8.4040892,-4.1838352,1,-6.5292836,-33.16829868,53.2171364,39.467600000000004
2022-06-07 00:00:08.251,-5.776134000000001,7.5951956,-4.1495236,1,28.421946,-3.82195068,28.697537200000006,39.4744
2022-06-07 00:00:08.501,-3.4527611199999995,9.163437199999999,-2.8267291200000004,1,-57.168256,53.912199519999994,-29.804901600000004,39.464400000000005
2022-06-07 00:00:08.751,-5.8876916,7.8403512000000015,-3.26146332,1,-13.070736360000003,34.7146264,-26.6999928,39.4688
2022-06-07 00:00:09.001,-5.28265,7.7913824,-2.8879710400000005,1,-41.82441119999999,-16.7145908,-25.7707336,39.467200000000005
2022-06-07 00:00:09.251,-3.8504044,8.9913048,-4.09719572,1,56.073184,-65.5903072,14.941461839999999,39.4636
2022-06-07 00:00:09.501,-4.2350132,7.333354000000001,-4.3817471999999995,1,30.66098156,-35.1585796,24.704870176,39.4628
2022-06-07 00:00:09.751,-3.4600466000000005,10.3221512,-3.0059511999999997,1,-43.351212,82.387832,-49.636584,39.4656
2022-06-07 00:00:10.001,-4.9867892,7.4645608,-2.49770812,1,-45.3438728,19.004886400000004,-2.4365703999999995,39.467600000000004
2022-06-07 00:00:10.251,-4.0010669199999995,9.2993412,-4.3255836,1,61.5853288,-72.060982,13.639035999999997,39.468
2022-06-07 00:00:10.501,-4.455351599999999,8.154808000000001,-4.251978800000001,1,30.219516759999998,-41.853651600000006,27.368302399999997,39.4636
2022-06-07 00:00:10.751,-3.6508648,9.476648,-2.809477428,1,-63.59758120000001,93.84632000000002,-46.8927068,39.464000000000006
2022-06-07 00:00:11.001,-6.078414800000001,7.807767600000001,-2.8495387999999995,1,4.45852964,-44.863429599999996,-13.7097632,39.4692
2022-06-07 00:00:11.251,-3.255616552,8.787165199999999,-4.1178,1,64.714652,-34.56339560000001,48.39510560000001,39.4652
2022-06-07 00:00:11.501,-4.32155832,8.000506,-4.1329432,1,13.509755720000001,-23.070688000000004,-29.441495599999993,39.466
2022-06-07 00:00:11.751,-4.561448,8.496673999999999,-2.7574363999999996,1,-66.00973640000001,56.75120239999999,8.753652399999998,39.466
2022-06-07 00:00:12.001,-4.54055496,9.055327199999999,-4.34005548,1,43.785408000000004,-77.068363,-21.548763200000003,39.4692
2022-06-07 00:00:12.251,-4.3895100000000005,7.392778,-3.74977166,1,24.058535600000006,-5.387806400000001,56.99021984,39.4624
2022-06-07 00:00:12.501,-3.7537973119999997,10.458332400000002,-3.2643378800000007,1,-47.619464,70.865876,-63.47558079999999,39.458800000000004
2022-06-07 00:00:12.751,-5.976058839999999,7.4811416,-2.7917478399999998,1,-31.5365992,-3.2585680000000012,-12.2195068,39.464400000000005
2022-06-07 00:00:13.001,-3.3263476,8.923453599999998,-4.0885692,1,68.21953400000001,-51.8804556,12.7731688,39.4648
2022-06-07 00:00:13.251,-4.583491599999999,7.3354680000000005,-3.6986885999999997,1,10.058531600000002,-30.99024368,12.0146288,39.46240000000001
2022-06-07 00:00:13.501,-5.1625608,8.665260400000001,-3.7040556,1,-30.6463412,73.4414496,-62.20973999999999,39.46320000000001
2022-06-07 00:00:13.751,-6.3857772,6.847921599999999,-2.9651232,1,-33.2341044,8.014632,1.336592800000001,39.464800000000004
2022-06-07 00:00:14.001,-6.123941200000001,7.922394000000001,-3.5787920000000004,1,47.595124000000006,-28.231706799999998,-37.9170608,39.4608
2022-06-07 00:00:14.251,-6.6233676,6.837091999999999,-4.0564632,1,68.048752,-24.3829268,86.599968,39.4644
2022-06-07 00:00:14.501,-5.8622952,6.3581764,-4.3933424,1,7.314624200000001,-43.707308000000005,-3.7999988,39.46320000000001
2022-06-07 00:00:14.751,-6.2487260000000004,6.427947600000001,-4.8688084,1,59.2926944,-24.778048,-9.31707052,39.4564
2022-06-07 00:00:15.001,-6.905906,6.282461199999999,-4.635628400000001,1,1.6292696399999997,-21.9536512,9.104876216000001,39.4656
2022-06-07 00:00:15.251,-5.939063600000001,7.043053199999999,-3.2396112000000006,1,-16.402444560000003,33.541459520000004,2.08293156,39.462799999999994
2022-06-07 00:00:15.501,-5.3120736,7.702439199999999,-2.6789423999999995,1,-12.1073204,-30.136605999999997,6.334143600000001,39.461999999999996
2022-06-07 00:00:15.751,-4.9976196,8.1202152,-3.8015252,1,40.848776,-60.59271599999999,4.217067599999997,39.46
2022-06-07 00:00:16.001,-4.3934396,8.2922452,-3.4971347999999995,1,33.131707999999996,-18.687818000000004,40.6804856,39.462
2022-06-07 00:00:16.251,-4.7560047999999995,8.335571600000002,-4.180672,1,8.758535199999999,-14.012203200000002,-17.31219472,39.455200000000005
2022-06-07 00:00:16.501,-4.7029084,8.2795956,-3.36410884,1,-64.88043839999999,60.709783040000005,-8.69024532,39.4632
2022-06-07 00:00:16.751,-5.449221199999999,7.9315944,-2.74881116,1,-8.199994824,23.5268264,-26.6366092,39.4528
2022-06-07 00:00:17.001,-4.1507708,8.7087656,-3.50585756,1,43.85367600000001,-43.487764,23.0073216,39.4536
2022-06-07 00:00:17.251,-4.829898,7.22055,-4.009308264,1,27.40975356,-58.6438932,28.0780772,39.458
2022-06-07 00:00:17.501,-3.7091357400000002,10.2658968,-3.1544091199999995,1,-38.80239472,86.8902736,-40.0926912,39.458400000000005
2022-06-07 00:00:17.751,-5.6729116,7.428143599999999,-3.1569971999999997,1,-43.95366028,14.809772,-3.0805256,39.45
2022-06-07 00:00:18.001,-3.96943868,8.9917832,-3.3637255999999995,1,73.48051600000001,-58.6463556,19.57562048,39.458400000000005
2022-06-07 00:00:18.251,-4.7456544,7.8052779999999995,-3.2260972000000003,1,16.5463448,-60.78292199999999,37.6488096,39.4604
2022-06-07 00:00:18.501,-3.9334988000000006,9.7024388,-3.45036644,1,-20.258506999999998,56.17316451999999,-35.748784799999996,39.4568
2022-06-07 00:00:18.751,-4.88960748,7.4014032,-2.8186787999999994,1,-48.543861959999994,-1.3731688,7.5756124,39.456
2022-06-07 00:00:19.001,-4.7583048,9.454112,-2.641946936,1,62.8073296,-41.707314000000004,-0.1755996399999988,39.45320000000001
2022-06-07 00:00:19.251,-4.0969076,7.5410424,-3.12795736,1,46.4536596,-59.6732352,51.2584952,39.455200000000005
2022-06-07 00:00:19.501,-3.3689,10.2773952,-4.177222400000001,1,-22.5292252,53.985386399999996,-41.8878,39.4576
2022-06-07 00:00:19.751,-5.27047912,7.379744400000001,-2.366022,1,-55.639039999999994,-8.07804,6.163416800000001,39.4524
2022-06-07 00:00:20.001,-4.2361636,9.4176984,-4.2940528,1,66.836528,-53.43168702399999,-1.8341436000000002,39.4536
2022-06-07 00:00:20.251,-4.5292464,7.359712400000001,-3.6989767999999996,1,31.231710800000002,-45.982920400000005,26.660982,39.45440000000001
2022-06-07 00:00:20.501,-4.3551984,9.1434052,-4.06988,1,-26.770734399999995,57.5366384,-44.180488000000004,39.454800000000006
2022-06-07 00:00:20.751,-5.216520399999999,6.519667599999999,-2.7826432,1,-24.904864399999997,5.058524000000001,-6.919517200000001,39.455600000000004
2022-06-07 00:00:21.001,-7.207996,8.0305024,-3.2075043999999995,1,35.2365828,-29.778053600000003,-78.10251079999999,39.452000000000005
2022-06-07 00:00:21.251,-6.5978744,7.780357599999999,-4.0328852,1,1.5658452000000003,-5.9268355999999995,71.73412502400001,39.455600000000004
2022-06-07 00:00:21.501,-5.2436436,6.446349200000001,-4.0931692,1,7.634145000000001,-3.4585356000000003,32.4536456,39.452400000000004
2022-06-07 00:00:21.751,-4.59192568,8.845531600000001,-4.0645132,1,-11.438993599999998,54.99510128,-43.1390244,39.4596
2022-06-07 00:00:22.001,-5.0084504,8.124618,-3.1200016000000006,1,-83.57561000000001,48.4268308,10.209755320000001,39.452400000000004
2022-06-07 00:00:22.251,-5.1746376,8.2910028,-2.65373576,1,12.88536848,7.8219524,-35.826831999999996,39.455600000000004
2022-06-07 00:00:22.501,-4.7489128,8.060794799999998,-3.36391624,1,53.687804400000005,-9.4049168,-11.590242,39.4572
2022-06-07 00:00:22.751,-6.407532,8.672824399999998,-3.5638410800000004,1,14.5317408,-64.83657600000001,11.646341599999998,39.455200000000005
2022-06-07 00:00:23.001,-5.1876716,6.744413999999999,-3.5185079999999997,1,68.72439200000001,-37.217066800000005,79.7170492,39.4568
2022-06-07 00:00:23.251,-3.9863082,10.0994112,-3.877719788,1,-52.709752,42.54149127999999,-52.309749599999996,39.458
2022-06-07 00:00:23.501,-6.702623599999999,7.3901883999999995,-3.19724868,1,-46.0268254,8.5463412,35.241512,39.4572
2022-06-07 00:00:23.751,-3.187089616,9.1077504,-3.9984791200000003,1,63.729287600000006,-46.85122272,2.660976000000001,39.4636
2022-06-07 00:00:24.001,-5.832393199999999,7.488808400000002,-4.048412,1,3.3731712,-6.958572399999998,-5.019506,39.4544
2022-06-07 00:00:24.251,-3.6799036000000003,9.6088112,-3.5946054,1,-71.68777200000001,64.217068,-2.3024324000000003,39.4612
2022-06-07 00:00:24.501,-5.480177599999999,7.077076800000001,-2.8585496,1,-4.702436400000002,55.321956,-20.224384,39.4632
2022-06-07 00:00:24.751,-3.4235305599999997,9.705700799999999,-3.7122984,1,8.782923600000002,5.404872399999999,11.2024456,39.456
2022-06-07 00:00:25.001,-3.4424112000000004,8.1525112,-4.33833,1,-20.4707388,95.06821599999999,-38.6585304,39.458400000000005
2022-06-07 00:00:25.251,-4.2982688,8.5295456,-4.0503288,1,-39.941494000000006,96.685444,-25.7243904,39.4508
2022-06-07 00:00:25.501,-4.4625416,8.3956552,-3.2038623999999998,1,-34.217076,54.52684,-18.4682888,39.458
2022-06-07 00:00:25.751,-3.8652608,8.7101096,-2.845322,1,-27.812191999999996,45.243908000000005,-31.521948000000002,39.4596
2022-06-07 00:00:26.001,-4.5769728,9.0589712,-1.948922852,1,-31.9682908,26.1365724,-19.441456800000005,39.4608
2022-06-07 00:00:26.251,-4.3941096,7.654806400000001,-4.7805392,1,37.2341348,0.6804895999999995,1.1829324239999988,39.4636
2022-06-07 00:00:26.501,-6.736364,8.7017724,-2.7181411479999995,1,-46.76338799999999,121.44386760000002,-62.765848000000005,39.454800000000006
2022-06-07 00:00:26.751,-4.85836168,8.1059308,-3.9083888,1,-56.0926748,8.61464812,-3.9634131999999997,39.46
2022-06-07 00:00:27.001,-4.06192536,9.4926472,-2.73980136,1,60.3463684,-29.5122488,59.521953599999996,39.4512
2022-06-07 00:00:27.251,-3.6591072000000002,8.1140732,-4.50701024,1,14.1316848,-10.382829599999997,15.514631999999999,39.4484
2022-06-07 00:00:27.501,-3.86468524,9.6086208,-2.0961347592,1,-69.66590323999999,78.54629999999999,-21.746346800000005,39.45360000000001
2022-06-07 00:00:27.751,-3.6319842240000004,9.3256996,-1.8235632399999997,1,5.0438996000000005,-50.141500400000005,-15.207319200000002,39.456
2022-06-07 00:00:28.001,-2.7406640000000007,9.0589704,-3.6819171999999996,1,77.668324,-109.695148,41.17074,39.456
2022-06-07 00:00:28.251,-3.35001968,8.39163,-4.0176476,1,27.4731704,-38.536555199999995,-5.570728399999999,39.454800000000006
2022-06-07 00:00:28.501,-2.6708918799999997,9.741829200000002,-2.8922853600000002,1,-59.8414496,107.45360439999999,-12.317067159999999,39.453199999999995
2022-06-07 00:00:28.751,-3.90790896,8.7149044,-3.37675916,1,5.039004975999998,-70.18782,-23.139038320000004,39.448
2022-06-07 00:00:29.001,-3.1254652400000005,9.108618,-3.4841976,1,47.4439316,-32.29264800000001,32.824412,39.4544
2022-06-07 00:00:29.251,-3.8293192400000002,8.0710428,-4.8613336,1,25.58290668,-14.641478,-35.29757196,39.4516
2022-06-07 00:00:29.501,-4.287726,8.701191999999999,-4.0946068,1,-106.82192400000002,128.173184,-28.824392799999995,39.4528
2022-06-07 00:00:29.751,-5.1777032,7.807961199999999,-3.0070056,1,-31.475605200000004,52.0853728,-47.80972799999999,39.454
2022-06-07 00:00:30.001,-3.9178764,9.273465199999999,-2.71794936,1,34.2292668,-31.5317076,23.702466919999996,39.4524
2022-06-07 00:00:30.251,-4.446150800000001,7.708672000000002,-4.80497868,1,30.7365844,-40.7170656,28.602446399999998,39.45320000000001
2022-06-07 00:00:30.501,-3.7557142719999996,9.727749600000001,-2.10111844,1,-58.392701200000005,87.2268428,-37.631708,39.45439999999999
2022-06-07 00:00:30.751,-5.741058000000001,7.9697412,-2.30180848,1,5.270728,-14.1585192,-11.5219464,39.445600000000006
2022-06-07 00:00:31.001,-2.8091904,9.076416,-4.2673124,1,60.2707288,-79.26100799999999,49.846342400000005,39.452
2022-06-07 00:00:31.251,-4.6846996,8.202535600000001,-4.314849,1,20.3414452,1.6805216000000007,-12.090262400000002,39.4564
2022-06-07 00:00:31.501,-3.7063569199999993,8.8979544,-3.1201939999999997,1,-73.7707836,63.597547999999996,-6.673173600000001,39.4484
2022-06-07 00:00:31.751,-4.57745464,9.2162452,-2.5936444,1,13.353671600000002,-16.243912800000004,-37.3951032,39.452400000000004
2022-06-07 00:00:32.001,-3.0519543999999996,7.903033999999999,-4.224279999999999,1,69.9000252,-70.55860200000001,73.8658388,39.4564
2022-06-07 00:00:32.251,-4.26156204,9.618396,-3.42142108,1,-20.75367096,49.18536319999999,-62.5341548,39.45320000000001
2022-06-07 00:00:32.501,-3.7001267559999995,7.570370800000001,-2.79855236,1,-57.860962,36.43174,6.712192,39.45360000000001
2022-06-07 00:00:32.751,-4.81140268,9.4658192,-3.42161224,1,41.43171039999999,-59.826798239999995,-16.5414168,39.452000000000005
2022-06-07 00:00:33.001,-4.3577864,7.742311600000001,-3.9245852,1,30.036580559999997,-31.292682799999998,31.602484,39.45360000000001
2022-06-07 00:00:33.251,-3.8335371999999994,9.8332656,-3.1364866800000004,1,-64.25605680000001,106.2292088,-52.722002,39.4508
2022-06-07 00:00:33.501,-5.6879596,8.047760799999999,-2.80401528,1,-18.346331199999998,-3.2975630800000006,-12.973208,39.448
2022-06-07 00:00:33.751,-2.97144868,8.9909224,-3.1855575999999997,1,47.98291772,-37.048756000000004,41.070715199999995,39.449600000000004
2022-06-07 00:00:34.001,-4.7031972,8.279592399999999,-4.1761680000000005,1,15.517079599999999,37.90246,-36.98533956,39.454
2022-06-07 00:00:34.251,-4.2162292,8.4598684,-3.0942200000000004,1,-74.92928359999999,17.5683056,6.0268304,39.4424
2022-06-07 00:00:34.501,-4.3692842,8.9067768,-2.57112192,1,23.529275600000002,-11.79274576,-30.3292198,39.45440000000001
2022-06-07 00:00:34.751,-3.9648396000000004,7.3534828,-4.4796004,1,44.08048951999999,-22.3804764,50.9365948,39.446799999999996
2022-06-07 00:00:35.001,-4.309481600000001,10.471179600000001,-2.8083274400000007,1,-48.14634279999999,75.8171084,-59.502452399999996,39.4508
2022-06-07 00:00:35.251,-5.711343956,8.3447668,-2.8612321199999995,1,-15.1340976,-41.990205599999996,7.52682872,39.446400000000004
2022-06-07 00:00:35.501,-2.7497684,9.004726,-3.2062578959999994,1,80.8390336,-51.7975288,60.67066760000001,39.4396
2022-06-07 00:00:35.751,-3.6500975999999996,8.5292616,-4.077548119999999,1,23.960973600000003,-60.9341176,-11.000002279999999,39.45320000000001
2022-06-07 00:00:36.001,-3.945862400000001,8.121554799999998,-2.327782152,1,-58.580467199999994,49.43169720000001,5.265846,39.45
2022-06-07 00:00:36.251,-4.318204240000001,9.58552,-4.4631167199999995,1,51.297591999999995,-89.3610432,-11.829268799999998,39.45040000000001
2022-06-07 00:00:36.501,-4.7284996,8.6450288,-3.4310044,1,27.4122016,-23.7292896,16.770717480000002,39.4492
2022-06-07 00:00:36.751,-3.6269036800000003,9.1054532,-3.14070364,1,-63.28536475999999,62.048752400000005,-12.117048399999996,39.4528
2022-06-07 00:00:37.001,-4.11952664,8.672440400000001,-4.1040958,1,37.485355999999996,-64.54145600000001,-26.14390568,39.4492
2022-06-07 00:00:37.251,-4.5440046,8.524268,-4.392864,1,13.499977640000003,-5.33411596,43.875607200000005,39.4516
2022-06-07 00:00:37.501,-4.02981816,8.958525199999999,-2.12354448,1,-55.02927599999999,85.0829344,-54.353682920000004,39.4528
2022-06-07 00:00:37.751,-5.4980036000000005,8.008075999999999,-3.51438596,1,23.429265599999997,-38.446337199999995,-15.914621279999997,39.4484
2022-06-07 00:00:38.001,-3.03202,8.296845600000001,-3.6195244000000004,1,30.8414844,-20.602426,59.7024,39.4476
2022-06-07 00:00:38.251,-3.9173972,10.350532000000001,-3.5692082719999996,1,-3.7804784000000007,37.0780288,-62.4292856,39.452400000000004
2022-06-07 00:00:38.501,-5.6308409600000005,7.8268424,-3.0642223199999994,1,-73.29998644,17.2121584,10.173179440000002,39.445600000000006
2022-06-07 00:00:38.751,-2.44317464,9.3688252,-3.72447092,1,77.7828868,-68.92193839999999,19.307317199999996,39.445600000000006
2022-06-07 00:00:39.001,-5.1331392,7.909746400000001,-4.1931312,1,11.817069120000001,5.958618799999997,-11.5829552,39.4496
2022-06-07 00:00:39.251,-3.0883754,9.0730624,-2.40579564,1,-63.23905476,42.83904576,-0.2658471999999991,39.447199999999995
2022-06-07 00:00:39.501,-4.335354392,9.4628388,-3.9109771999999996,1,37.76832,-41.607327999999995,-29.853664000000002,39.445600000000006
2022-06-07 00:00:39.751,-4.4610072,7.2265904,-3.5708371999999997,1,30.72927,-23.8975808,49.59756076000001,39.4484
2022-06-07 00:00:40.001,-3.1808603200000003,10.346886,-3.3660256,1,-61.495056399999996,82.536596,-56.317087199999996,39.448
2022-06-07 00:00:40.251,-5.965421732000001,7.9660991999999995,-2.7681699199999996,1,8.863480600000003,-37.7024776,-1.046334399999999,39.45320000000001
2022-06-07 00:00:40.501,-2.6200005199999996,8.712505999999998,-4.2977891999999995,1,45.76830880000001,-23.6536516,45.7000472,39.4476
2022-06-07 00:00:40.751,-3.687857888,10.194594,-3.5385388192,1,-8.487770000000001,39.002432000000006,-59.234106000000004,39.443200000000004
2022-06-07 00:00:41.001,-6.017654,7.630366399999999,-3.27612504,1,-74.32435600000001,1.112208400000003,7.870737599999999,39.455600000000004
2022-06-07 00:00:41.251,-2.26999028,9.375058399999999,-3.62067424,1,81.05853599999999,-50.548790600000004,27.846359200000002,39.446400000000004
2022-06-07 00:00:41.501,-4.062309,9.0714356,-3.7503447039999998,1,19.712198799999996,28.890190239999995,-26.424343200000003,39.4444
2022-06-07 00:00:41.751,-4.41797448,7.7122152,-2.7913637999999996,1,-83.25852160000001,11.963443999999999,-3.0341404,39.442800000000005
2022-06-07 00:00:42.001,-2.6281446440000003,9.9620776,-3.926694560000001,1,72.409804,-57.761008280000006,24.051238,39.452400000000004
2022-06-07 00:00:42.251,-2.9860167600000005,10.246148799999999,-3.59067664,1,-25.743910960000004,88.67314700000001,-56.161012,39.4488
2022-06-07 00:00:42.501,-6.02541764,7.437533200000001,-3.29136568,1,-16.9804118,-55.880500000000005,-12.585352,39.4504
2022-06-07 00:00:42.751,-2.73184868,9.584944799999999,-4.9003421199999995,1,39.9683188,-0.19512959999999793,46.253638,39.448
2022-06-07 00:00:43.001,-3.04630004,8.686822,-2.062877856,1,-63.804908000000005,55.338992,-38.4537164,39.4504
2022-06-07 00:00:43.251,-2.85135672,10.440608,-4.4053242,1,73.14875084,-85.731701776,27.261028,39.4516
2022-06-07 00:00:43.501,-3.927843719999999,9.5663492,-3.05070944,1,-21.953656000000002,117.475584,-83.24875195999999,39.4404
2022-06-07 00:00:43.751,-5.92113968,8.018138,-3.68795476,1,-4.543891600000003,-97.75372800000001,-3.8317460000000008,39.4392
2022-06-07 00:00:44.001,-2.5752438792,9.218066799999999,-4.89785164,1,33.9780844,-9.404855599999996,50.721950400000004,39.4476
2022-06-07 00:00:44.251,-3.4536244400000005,8.774896400000001,-2.3024792,1,-67.3317,75.2219144,-52.2828844,39.4396
2022-06-07 00:00:44.501,-4.3175332,8.870259599999999,-3.5241628000000005,1,54.8048852,-91.4634712,-36.8146668,39.4492
2022-06-07 00:00:44.751,-4.6208688,8.717583600000001,-3.03432064,1,-44.5146176,75.1341156,0.44146199999999963,39.4492
2022-06-07 00:00:45.001,-5.1202028,7.998591200000001,-2.5511871599999996,1,-0.9292795599999999,-66.28531000000001,-0.6829295999999999,39.45320000000001
2022-06-07 00:00:45.251,-3.2460322,9.3614444,-3.4628248023999997,1,69.480488,-64.2511556,53.165859999999995,39.449200000000005
2022-06-07 00:00:45.501,-3.7794831200000005,8.414920799999999,-4.190927640000001,1,19.497564399999998,-27.3390512,-15.160972000000001,39.446000000000005
2022-06-07 00:00:45.751,-4.316,8.5963468,-2.6269964,1,-52.38537719999999,46.81468559999999,9.54146752,39.448
2022-06-07 00:00:46.001,-3.9532413880000004,9.2100176,-4.197254,1,16.285356,-62.748812,-10.090246399999998,39.4488
2022-06-07 00:00:46.251,-3.6382136000000007,7.6480011999999995,-3.65201484,1,10.053665559999999,1.680465599999999,30.378045999999998,39.4444
2022-06-07 00:00:46.501,-4.21738,9.755442799999999,-3.4255422424,1,-1.5756140000000003,43.546368,-52.2341488,39.444799999999994
2022-06-07 00:00:46.751,-4.248815728,8.4276684,-3.0861696000000007,1,-38.9390252,33.76094584,15.926832240000001,39.44520000000001
2022-06-07 00:00:47.001,-3.8740774000000004,8.8237796,-2.8112987999999994,1,-11.541475599999998,14.6585388,-13.9853648,39.4436
2022-06-07 00:00:47.251,-3.3255798119999995,8.858378,-2.9027320320000003,1,90.52197120000001,-91.1561168,-25.107318,39.477199999999996
2022-06-07 00:00:47.501,-4.07476888,9.825022,-5.208662,1,34.629256,-18.09512,54.207293279999995,39.471599999999995
2022-06-07 00:00:47.751,-2.5539691999999996,7.592225279999999,-4.07093304,1,-72.78776135999999,107.16828480000002,8.3341436,39.4748
2022-06-07 00:00:48.001,-2.78887412,10.403905199999999,-4.52177024,1,32.3878188,-92.7316892,-10.846347599999996,39.4804
2022-06-07 00:00:48.251,-4.19926536,9.5722884,-3.191116328,1,-30.7512088,155.192692,-72.826772,39.4776
2022-06-07 00:00:48.501,-5.114737600000001,7.980186,-3.1551756,1,-18.319507599999998,-8.736583999999999,-20.9243932,39.5668
2022-06-07 00:00:48.751,-6.037682799999999,8.0178512,-3.9496964,1,12.39268136,-10.23658504,54.739015200000004,39.589200000000005
2022-06-07 00:00:49.001,-5.128634400000001,8.1432088,-3.6119527999999996,1,-11.8707316,1.9487804800000006,-15.280487200000003,39.5904
2022-06-07 00:00:49.251,-4.2900263999999995,8.8582812,-1.8937173999999999,1,-35.502444,55.80003479999999,10.57317992,39.588
2022-06-07 00:00:49.501,-5.217669600000001,7.960251599999999,-2.7927067999999995,1,11.96097892,-25.9950932,-12.8975728,39.5888
2022-06-07 00:00:49.751,-3.699264,8.991591999999999,-4.095085999999999,1,19.8317112,-33.9756008,4.2829292,39.586400000000005
2022-06-07 00:00:50.001,-4.7322352,7.81601,-3.8360280000000007,1,14.665850400000002,-17.731706799999998,6.14878656,39.5856
2022-06-07 00:00:50.251,-5.1929428,9.4452088,-2.53728992,1,-11.8438772,93.17567360000001,-25.743895600000002,39.58560000000001
2022-06-07 00:00:50.501,-4.1192388,8.093182,-2.6482744,1,-24.96827572,-8.539051200000001,8.7902412,39.5876
2022-06-07 00:00:50.751,-4.1530696,9.140048,-4.0521496,1,31.992677599999997,-70.38784240000001,5.778052,39.589600000000004
2022-06-07 00:00:51.001,-4.118280799999999,7.659598800000001,-3.4109748,1,12.82440064,-30.080496000000004,32.263407199999996,39.5948
2022-06-07 00:00:51.251,-3.9840076000000004,9.9524912,-2.908386456,1,10.5585376,41.25368,-16.8073216,39.5956
2022-06-07 00:00:51.501,-3.4797884400000005,8.3716,-2.94538,1,-34.599996000000004,21.100011199999997,3.1707301599999997,39.5948
2022-06-07 00:00:51.751,-4.406664800000001,9.1182004,-2.72772576,1,-7.4560968,-1.421943200000003,-30.1780412,39.5916
2022-06-07 00:00:52.001,-3.1691676,9.1545236,-3.4104,1,34.282924,-48.353686399999994,35.387822,39.5956
2022-06-07 00:00:52.251,-3.671374,7.8537744,-3.8194488,1,27.402448,-28.224393999999997,5.890272079999997,39.592400000000005
2022-06-07 00:00:52.501,-3.87887008,9.9007448,-3.13658288,1,-36.8146544,69.678068,-49.117067999999996,39.5896
2022-06-07 00:00:52.751,-4.071701839999999,8.068073600000002,-2.5462984,1,-22.82683708,28.892696000000004,19.185374000000003,39.5996
2022-06-07 00:00:53.001,-4.3384263999999995,9.30681,-3.3349726799999995,1,13.7536644,-59.52930236,-13.704880800000002,39.596
2022-06-07 00:00:53.251,-3.7332879999999995,8.3427516,-3.2728683999999997,1,26.299987999999995,-26.646328799999996,35.587805360000004,39.5996
2022-06-07 00:00:53.501,-4.487459599999999,9.1198372,-3.63428484,1,15.231659240000004,32.39759092,-52.4512152,39.6004
2022-06-07 00:00:53.751,-4.5186068,8.3683436,-2.40646708,1,-41.55366680000001,16.4609744,30.460943999999998,39.5916
2022-06-07 00:00:54.001,-5.7141264000000005,8.7287024,-2.47853932,1,9.5097536,-33.2439036,-40.5585628,39.5944
2022-06-07 00:00:54.251,-3.612336128,8.5780356,-4.317246,1,61.234152,-57.8878664,65.63167399999999,39.5992
2022-06-07 00:00:54.501,-4.3655488,8.092319999999999,-4.253512000000001,1,28.024392199999998,-90.23900800000001,-2.2951273600000004,39.5996
2022-06-07 00:00:54.751,-3.9270768000000005,9.6515572,-2.6911152,1,-12.7268248,32.24634056,17.643895999999998,39.5912
2022-06-07 00:00:55.001,-4.8009532,7.7716368,-2.7909812000000005,1,-14.6585436,-17.51706796,12.097561599999999,39.598800000000004
2022-06-07 00:00:55.251,-3.86027724,9.3398816,-2.9609069199999998,1,2.8902392399999997,1.8926754000000015,-20.848763119999997,39.601200000000006
2022-06-07 00:00:55.501,-3.9734644,8.4500932,-3.5403591999999997,1,27.0878164,-47.778044,30.93658,39.601600000000005
2022-06-07 00:00:55.751,-4.113296,8.5020376,-3.4896596000000004,1,7.756099839999999,3.3097636,-6.46097696,39.596000000000004
2022-06-07 00:00:56.001,-4.0235899999999996,9.025617200000001,-2.422568,1,-8.092687,11.163419424,3.9707277199999997,39.6036
2022-06-07 00:00:56.251,-3.8253912000000003,8.7985708,-2.8139819999999998,1,-5.6073156399999995,-11.1634078,-0.9195151199999998,39.602000000000004
2022-06-07 00:00:56.501,-4.138596799999999,8.823584799999999,-2.2436336,1,21.934140719999995,-21.7487772,8.614635479999999,39.6128
2022-06-07 00:00:56.751,-3.8906576,8.6983212,-3.4671376000000005,1,14.848776800000001,-19.6146404,-6.336583440000001,39.601600000000005
2022-06-07 00:00:57.001,-4.3640156,8.2674208,-3.765872800000001,1,14.143904,-2.1804879199999996,3.3073172399999997,39.6176
2022-06-07 00:00:57.251,-3.247566588,8.610818799999999,-3.4968485599999997,1,4.707314,-11.836600399999998,9.446372000000002,39.684400000000004
2022-06-07 00:00:57.501,-2.1147277599999996,8.4452104,-5.9301508,1,-32.314624,16.173181200000002,1.7609744000000007,39.687599999999996
2022-06-07 00:00:57.751,-3.1678276,9.185382,-3.71421496,1,26.6243908,-42.836568,12.197550719999999,39.6908
2022-06-07 00:00:58.001,-3.4063739999999996,8.5040516,-2.21794864,1,-6.195115600000001,-79.4927,21.680494,39.6896
2022-06-07 00:00:58.251,-3.50508938,9.526294,-2.882797048,1,38.4170632,-17.18782,1.8902416,39.692
2022-06-07 00:00:58.501,-4.56825452,9.0605044,-3.85376014,1,-16.243902040000002,-79.34388763999999,-11.158537760000002,39.68600000000001
2022-06-07 00:00:58.751,-2.9867831999999996,8.752660399999998,-3.9462468400000006,1,37.7634024,-18.214629600000002,21.978062,39.6896
2022-06-07 00:00:59.001,-4.2570576,7.985745999999999,-5.4415548000000005,1,11.8853444,20.2170596,-19.6682908,39.6852
2022-06-07 00:00:59.251,-4.48928,9.8616332,-2.8301795199999997,1,-75.148744,80.2585712,-50.9293072,39.693200000000004
2022-06-07 00:00:59.501,-5.2063603999999994,7.706466399999999,-2.99818872,1,3.546331200000003,35.587831959999995,-18.9292916,39.6932
2022-06-07 00:00:59.751,-4.3367024,9.1960236,-3.1369656,1,27.626820000000002,-67.3073184,28.0853688,39.6904
2022-06-07 00:01:00.001,-5.0579992,7.0972040000000005,-3.6792324,1,15.373170336000001,-26.239027200000006,16.6195078,39.6892
2022-06-07 00:01:00.251,-3.9386748,10.033958799999999,-2.9451882,1,-13.978028,40.039048,-36.41951356,39.6916
2022-06-07 00:01:00.501,-4.9658972,6.742114,-2.5279932,1,6.4268236000000005,-4.019508400000001,26.736592,39.6892
2022-06-07 00:01:00.751,-5.346288,8.439455599999999,-3.78810876,1,-5.387815599999999,-33.5731784,-88.87314879999998,39.6884
2022-06-07 00:01:01.001,-5.7815016,6.4295772,-4.0016408000000006,1,11.51463,51.665864,46.20000000000001,39.6968
2022-06-07 00:01:01.251,-5.3517512,9.477121200000001,-3.04821744,1,19.60244112,-19.1463844,-26.900001239999998,39.6988
2022-06-07 00:01:01.501,-3.6971548000000007,8.0207272,-4.0549295999999995,1,22.3317044,-6.109710399999999,38.075616,39.704800000000006
2022-06-07 00:01:01.751,-4.4554488,8.4869924,-4.176264,1,-10.3121894,-12.5536612,-31.573171439999996,39.7016
2022-06-07 00:01:02.001,-4.7587844,8.7483512,-2.83717624,1,-27.9121904,74.56830880000001,-5.8829242,39.7004
2022-06-07 00:01:02.251,-5.0543564000000005,7.7735552000000006,-3.0566508000000003,1,-18.278050000000004,9.119512400000001,-6.129268680000001,39.6972
2022-06-07 00:01:02.501,-3.7251408,9.6076564,-3.0577048000000002,1,41.99514,-50.06585200000001,4.321924,39.6972
2022-06-07 00:01:02.751,-4.862579599999999,7.3810856000000005,-4.035473199999999,1,-6.760982799999999,4.804875240000001,35.790259199999994,39.6984
2022-06-07 00:01:03.001,-3.6812456000000005,10.213087199999999,-2.84120136,1,-20.3828908,44.592676000000004,-51.8804936,39.699600000000004
2022-06-07 00:01:03.251,-5.1086035999999995,7.807672,-2.8094775999999997,1,-6.319510800000001,19.2243844,17.59756832,39.6992
2022-06-07 00:01:03.501,-3.6394585199999994,9.219987200000002,-4.1101336,1,37.3926912,-72.83654560000001,-11.173174799999996,39.6988
2022-06-07 00:01:03.751,-4.965704,7.562034,-3.5149624,1,-9.231709519999999,-5.485363999999999,42.8463208,39.697599999999994
2022-06-07 00:01:04.001,-4.1858476,9.987375600000002,-2.60715708,1,-2.990252,54.03167919999999,-56.524364000000006,39.6992
2022-06-07 00:01:04.251,-4.888648,7.727260000000001,-2.5196547999999996,1,-11.92682836,-9.256097519999999,32.7682844,39.702
2022-06-07 00:01:04.501,-3.54227648,9.183853200000001,-4.899094799999999,1,43.8585192,-73.229262,-10.1853884,39.7016
2022-06-07 00:01:04.751,-5.2029112,7.9685868,-3.3965031999999997,1,4.934145480000001,-8.926852000000002,33.043910800000006,39.6984
2022-06-07 00:01:05.001,-3.78523252,9.3104548,-3.0131397599999996,1,-28.514626800000002,60.414696400000004,-49.9902356,39.6992
2022-06-07 00:01:05.251,-5.3282708,7.1943868,-3.02234,1,-5.2439048,-17.0463208,38.056092,39.6976
2022-06-07 00:01:05.501,-4.6488548000000005,9.535774400000001,-3.8856740000000003,1,63.6609716,-65.41215559999999,-25.2561016,39.693999999999996
2022-06-07 00:01:05.751,-4.889223599999999,7.378209599999999,-3.1808615999999996,1,2.2048790799999995,-21.321952160000002,85.1122336,39.694
2022-06-07 00:01:06.001,-3.1483708424,10.527924,-4.277568,1,3.226828,-3.1707396,-60.56587479999999,39.694
2022-06-07 00:01:06.251,-5.243451599999999,6.934658399999998,-2.8965011999999994,1,-53.6244216,55.03410828,38.48780239999999,39.6996
2022-06-07 00:01:06.501,-3.7135456,10.09117,-4.1957192,1,31.9487824,-39.46337320000001,-34.038976,39.6896
2022-06-07 00:01:06.751,-4.5348992,7.000788799999999,-3.5500396,1,-5.090247280000001,9.102442000000002,15.526822399999997,39.692400000000006
2022-06-07 00:01:07.001,-4.6735812,9.9184716,-3.513332808,1,-13.348779279999999,73.3024728,-52.44146839999999,39.699600000000004
2022-06-07 00:01:07.251,-4.143102,7.8083436,-2.9262120000000005,1,-49.900013599999994,15.5585396,20.639022399999998,39.7008
2022-06-07 00:01:07.501,-3.7526471600000004,9.820048400000001,-3.6062984,1,37.636574,-38.141459999999995,-20.924395199999996,39.690799999999996
2022-06-07 00:01:07.751,-5.2714372,8.2925308,-4.104672,1,-10.190247239999998,15.231719600000002,16.751194799999997,39.696400000000004
2022-06-07 00:01:08.001,-4.36516516,8.5090376,-2.7707592,1,-44.500052800000006,76.51463708,-58.94882799999999,39.6936
2022-06-07 00:01:08.251,-5.6648632,7.749688799999999,-3.8302786400000004,1,-10.49508288,23.900020399999995,-16.231726000000002,39.69520000000001
2022-06-07 00:01:08.501,-3.9860200000000003,9.8006896,-2.510838036,1,30.3658276,-35.89510508,65.3828292,39.6992
2022-06-07 00:01:08.751,-4.9636924,8.3118944,-3.6986884,1,17.0536508,8.541484,-53.0926732,39.6984
2022-06-07 00:01:09.001,-3.92563992,8.7737488,-2.2374042,1,-56.94141944,26.9658584,30.543914799999992,39.695600000000006
2022-06-07 00:01:09.251,-5.18681092,9.383682,-3.1851732000000004,1,41.814651999999995,-21.014656799999997,-65.80978932000001,39.6956
2022-06-07 00:01:09.501,-4.519565760000001,6.907534000000001,-3.56000652,1,-34.04390788,10.095122000000002,39.75610399999999,39.69480000000001
2022-06-07 00:01:09.751,-6.291279599999999,8.671005599999999,-3.2159392,1,-8.678046440000001,91.7048396,-82.375612,39.692800000000005
2022-06-07 00:01:10.001,-6.3418836,6.9447220000000005,-3.0257908,1,-76.058496,39.79513,19.558533599999997,39.69520000000001
2022-06-07 00:01:10.251,-6.1447396,9.4326536,-2.8788672,1,110.51468919999999,-55.59996800000001,-2.01463,39.696000000000005
2022-06-07 00:01:10.501,-5.1296908000000006,7.764926,-3.6457844000000006,1,-35.573194400000006,-55.9707208,119.7243708,39.695600000000006
2022-06-07 00:01:10.751,-3.7692261200000003,9.3925876,-2.4683807200000003,1,-9.943878159999999,120.1292752,-55.13168240000001,39.69520000000001
2022-06-07 00:01:11.001,-6.1778059999999995,8.6239528,-3.3593143976000004,1,1.482935600000003,-127.30488,7.795101200000001,39.693200000000004
2022-06-07 00:01:11.251,-2.9444224399999994,7.742790399999999,-4.8633472,1,40.224415320000006,-13.136579599999997,15.73415556,39.69520000000001
2022-06-07 00:01:11.501,-5.5100796,9.2877384,-3.1063935199999997,1,-13.312175199999999,27.8634108,-53.6366216,39.6936
2022-06-07 00:01:11.751,-4.54659148,8.028962799999999,-3.1508636,1,-43.8024212,12.9853616,40.3683028,39.69520000000001
2022-06-07 00:01:12.001,-4.690066719999999,8.2950216,-3.65795584,1,50.32923680000001,-52.482932,-52.40734,39.700399999999995
2022-06-07 00:01:12.251,-5.4427084,7.810644,-3.96666264,1,-4.395069200000001,52.64147199999999,37.9487764,39.6924
2022-06-07 00:01:12.501,-4.9339812,8.5767972,-2.352126232,1,-41.97312624,43.053653999999995,-27.2561048,39.6948
2022-06-07 00:01:12.751,-5.232046,8.3816684,-4.17348496,1,27.239036000000002,-63.70492172,-10.86097696,39.69480000000001
2022-06-07 00:01:13.001,-4.5263704,8.011909199999998,-3.4096319999999998,1,20.8585376,-25.243909359999996,50.929262040000005,39.69
2022-06-07 00:01:13.251,-4.1783719999999995,8.769815600000001,-2.7444982400000004,1,-43.43414440000001,94.49270399999999,-53.648759600000005,39.6948
2022-06-07 00:01:13.501,-6.5465968000000005,7.744513199999999,-3.43848096,1,9.6853612,-89.06339799999999,19.0585152,39.6944
2022-06-07 00:01:13.751,-5.200514000000001,6.850031200000001,-5.2683691999999995,1,62.5634696,-14.8365788,2.4097244000000013,39.692
2022-06-07 00:01:14.001,-5.7278304,8.8591412,-3.8793504000000003,1,-33.09024856,55.719527199999995,-13.541466,39.68879999999999
2022-06-07 00:01:14.251,-5.0878036,7.898430000000001,-2.8846155999999996,1,-59.22682399999999,2.25853376,20.3512116,39.69
2022-06-07 00:01:14.501,-3.5876096,8.2668432,-3.88922,1,55.8609796,-70.709756,-3.3487775999999996,39.6924
2022-06-07 00:01:14.751,-4.7756524,8.5220716,-3.4699166799999994,1,4.4658495600000006,36.9634268,16.163412919999995,39.6912
2022-06-07 00:01:15.001,-3.999724868,8.662476400000001,-2.6108948000000005,1,-50.231701599999994,46.512240199999994,-27.395152,39.6968
2022-06-07 00:01:15.251,-5.26003064,9.058107999999999,-3.8364115999999995,1,34.6194664,-85.86824999999999,-16.09265764,39.6916
2022-06-07 00:01:15.501,-3.5594344800000006,9.091658,-3.8741727999999993,1,23.890272623999998,-11.780516,54.74145023999999,39.6872
2022-06-07 00:01:15.751,-3.7070264,8.340642800000001,-3.134761,1,-44.919497199999995,109.44154,-59.902483999999994,39.6904
2022-06-07 00:01:16.001,-5.057996880000001,8.311896,-3.365738,1,20.53906484,-86.280462,2.821944,39.6896
2022-06-07 00:01:16.251,-2.73050596,8.6435964,-3.7897381359999995,1,5.2293328,8.253720800000004,42.65854,39.6924
2022-06-07 00:01:16.501,-3.6035188,10.8950864,-3.2211166399999995,1,5.7560948000000005,66.55118,-72.53175560000001,39.687200000000004
2022-06-07 00:01:16.751,-5.6313188,7.9426136000000005,-3.82960664,1,-76.9390708,-15.1902148,8.3829468,39.6884
2022-06-07 00:01:17.001,-2.6011202000000004,9.2832376,-2.725138,1,37.5731732,-10.258575600000004,20.295112000000003,39.6936
2022-06-07 00:01:17.251,-5.3492616,8.537502,-3.37561,1,24.0487956,108.37805159999999,-84.5268116,39.69
2022-06-07 00:01:17.501,-4.75744608,8.517373200000002,-3.864682,1,-86.50244559999999,-43.4658492,32.96587759999999,39.6888
2022-06-07 00:01:17.751,-3.5440016,8.887222399999999,-3.3153245999999994,1,78.94396912,-37.2926864,-5.865756000000004,39.688
2022-06-07 00:01:18.001,-5.9337932,8.7105864,-3.3544268,1,5.6024468,99.36822000000001,-50.3927124,39.688
2022-06-07 00:01:18.251,-5.10476796,8.265214400000001,-3.0417961200000003,1,-56.76334960000001,-37.641507999999995,4.178046480000001,39.6916
2022-06-07 00:01:18.501,-3.6132940000000002,7.414343199999999,-4.024452,1,48.351241279999996,-11.748751800000003,17.8951312,39.6916
2022-06-07 00:01:18.751,-5.206169708,9.2229532,-2.7140202799999997,1,-49.524407200000006,89.71463839999998,-60.419442800000006,39.69
2022-06-07 00:01:19.001,-5.792621600000001,7.909164,-4.077259120000001,1,32.326844,-89.73903356000001,-7.878043599999999,39.6876
2022-06-07 00:01:19.251,-5.0280012,8.293582400000002,-3.8534702672000005,1,10.787872000000002,30.619513599999994,12.09762,39.6892
2022-06-07 00:01:19.501,-5.3399636,8.4520076,-2.6143461999999995,1,-35.453732,-30.6146144,-1.6146424000000001,39.6892
2022-06-07 00:01:19.751,-4.439538,7.064328000000001,-5.1550856,1,40.21706079999999,-11.7414744,-10.0049032,39.688
2022-06-07 00:01:20.001,-6.6485731999999995,8.224392,-3.0110299999999994,1,-16.83661708,65.792704,-28.51950984,39.688
2022-06-07 00:01:20.251,-5.262233599999999,7.5436304000000005,-4.098249200000001,1,-40.7537012,-53.704906799999996,-30.892684799999998,39.69
2022-06-07 00:01:20.501,-5.8190716,7.8661351999999995,-4.23060568,1,56.963418000000004,76.5707348,39.060978000000006,39.6892
2022-06-07 00:01:20.751,-6.668603999999999,6.6344856000000005,-2.464067952,1,-52.475633200000004,-24.5439076,-47.95121999999999,39.692800000000005
2022-06-07 00:01:21.001,-6.7288879999999995,6.0788,-5.1852751999999995,1,115.61215999999999,-38.96828360000001,8.173166440000001,39.6852
2022-06-07 00:01:21.251,-6.1358232,6.82751,-5.126238488,1,-46.32920799999999,28.160996000000004,36.2732084,39.687200000000004
2022-06-07 00:01:21.501,-6.3799316,7.4291016,-4.772011200000001,1,57.1585504,-21.3219656,-56.24145699999999,39.69
2022-06-07 00:01:21.751,-6.5327046399999995,8.5256188,-6.185664919999999,1,26.643783999999997,-295.79508000000004,17.553720000000002,39.6592
2022-06-07 00:01:22.001,-0.278898048,7.0805251600000005,-4.81379924,1,96.66346000000001,54.9878124,25.187790399999997,39.648399999999995
2022-06-07 00:01:22.251,-5.7093316000000005,9.22410996,-4.9142392,1,-63.017056399999994,-5.814604000000006,-11.914614039999993,39.660799999999995
2022-06-07 00:01:22.501,-2.9126037840000003,9.71202832,-5.3581744,1,-40.763496,-2.1975880000000005,29.092623999999997,39.654799999999994
2022-06-07 00:01:22.751,-6.0383488,9.06434016,-2.96157588,1,84.85116,-101.35370799999998,62.873157600000006,39.6532
2022-06-07 00:01:23.001,-2.8952521599999996,7.40782292,-5.040942680000001,1,-79.66582,133.507276,-16.1292856,39.66
2022-06-07 00:01:23.251,-5.343602560000001,8.354350400000001,-3.01553912,1,81.926692,-159.55120399999998,29.900026159999996,39.6496
2022-06-07 00:01:23.501,-3.3885475200000004,8.927000000000001,-4.58214732,1,-7.7463397199999955,123.52196400000001,-43.156108,39.6548
2022-06-07 00:01:23.751,-5.036914361599999,7.985364000000001,-2.9688615200000004,1,-53.11951728000001,-98.76342000000001,-12.329313600000003,39.657199999999996
2022-06-07 00:01:24.001,-2.9897548,9.037502,-1.8059286544,1,90.50979200000002,-65.02928560000001,106.31228040000002,39.65239999999999
2022-06-07 00:01:24.251,-2.4019643999999998,10.818510000000002,-4.46972768,1,-20.909795999999996,-7.556180000000004,-15.902424400000003,39.6528
2022-06-07 00:01:24.501,-5.714026239999999,8.3126568,-4.79184572,1,50.71215840000001,-208.17569600000002,5.409765199999999,39.6532
2022-06-07 00:01:24.751,-2.59009808,8.341219200000001,-3.7045355600000005,1,41.397556,-45.92683040000001,65.541448,39.648399999999995
2022-06-07 00:01:25.001,-2.0465852,9.873137199999999,-6.346286400000001,1,-23.804892799999998,18.9975156,-32.8780588,39.656
2022-06-07 00:01:25.251,-5.4519055184,7.544491200000001,-2.9982846399999996,1,-59.95366704,29.4877508,-22.1536504,39.651199999999996
2022-06-07 00:01:25.501,-1.9933931200000001,8.7449976,-3.8081384000000003,1,49.8511996,-44.88777832000001,38.360994,39.6544
2022-06-07 00:01:25.751,-2.39209052,10.917037163199998,-4.726293559999999,1,-106.83666720000001,161.522,-57.580436,39.6424
2022-06-07 00:01:26.001,-3.49215428,6.26406152,-4.213069168,1,94.9122048,-204.32204680000004,20.343904000000002,39.6432
2022-06-07 00:01:26.251,-4.20003328,8.36777348,-4.0079652800000005,1,-91.91460799999999,139.7975564,-38.399999599999994,39.64040000000001
2022-06-07 00:01:26.501,-2.2882927360000007,7.88798804,-5.592791600000001,1,80.39019119999999,-177.50972400000003,26.1389876,39.6436
2022-06-07 00:01:26.751,-4.72006704,9.5513036,-3.3960224799999996,1,-97.4293096,161.37564,-41.41222259999999,39.6416
2022-06-07 00:01:27.001,-2.12546044,8.3537704,-5.4574638,1,97.82929479999999,-191.48046000000002,17.851207199999997,39.64039999999999
2022-06-07 00:01:27.251,-3.6173189079999992,10.170248800000001,-4.236262,1,-65.629288,144.46092000000002,-70.468296,39.6436
2022-06-07 00:01:27.501,-4.755526532,8.634295999999999,-3.1749184,1,-26.980486,-59.54387376,-30.470731600000004,39.6392
2022-06-07 00:01:27.751,-2.8178159999999997,9.122419599999999,-3.19149924,1,66.50487199999999,-66.907318,64.673144,39.6396
2022-06-07 00:01:28.001,-2.9198874,8.399392800000001,-4.2837968,1,9.063430400000001,-6.3951544,5.260975999999999,39.6416
2022-06-07 00:01:28.251,-2.45227964,8.201579200000003,-4.2874396,1,-18.351216,27.6853752,-7.346349200000001,39.634
2022-06-07 00:01:28.501,-3.89938016,9.1353528,-4.87734176,1,-7.3268564,165.08302,-73.041496,39.6228
2022-06-07 00:01:28.751,-4.2409555999999995,7.9873704,-2.9161476000000004,1,-75.40248919999999,91.68784,-43.214642,39.6244
2022-06-07 00:01:29.001,-4.477779439999999,9.5944292,-2.3834661280000002,1,1.3268820000000028,6.648760400000001,-27.973169079999998,39.6264
2022-06-07 00:01:29.251,-3.8869204,8.5748764,-4.1975411,1,22.1243828,24.078046000000004,-4.956095600000001,39.6264
2022-06-07 00:01:29.501,-4.480654159999999,8.660846,-2.6746295999999994,1,-87.80248399999999,74.1926696,-31.4219364,39.6244
2022-06-07 00:01:29.751,-4.5971031600000005,8.5314628,-2.9825663999999996,1,35.1683272,-47.185376399999996,-7.765855200000001,39.622800000000005
2022-06-07 00:01:30.001,-3.391328,7.9867972,-3.1662928,1,43.275578800000005,-44.3048984,67.2634156,39.6236
2022-06-07 00:01:30.251,-3.540168,10.588776000000001,-3.70079724,1,1.0755990000000009,44.00974240000001,-55.13417156,39.6168
2022-06-07 00:01:30.501,-3.384905,7.7672292,-2.5259804000000003,1,-71.32923984,37.736560399999995,-5.91463,39.6172
2022-06-07 00:01:30.751,-4.44576744,9.5522632,-3.71114816,1,68.61707668,-90.2731236,-2.6780604000000006,39.6208
2022-06-07 00:01:31.001,-3.7529348,7.767036000000001,-3.8654547607999996,1,38.229260000000004,-50.27804400000001,48.67807080000001,39.620000000000005
2022-06-07 00:01:31.251,-3.1388826,10.6376608,-2.4339733600000004,1,-61.780516,109.40732000000001,-52.419518,39.618399999999994
2022-06-07 00:01:31.501,-4.721693599999999,7.8749544,-2.1003512,1,-12.16586228,5.646342,-11.104875424,39.626
2022-06-07 00:01:31.751,-3.6520142799999995,9.399872,-4.127192,1,77.4097512,-108.4341624,29.4804828,39.622800000000005
2022-06-07 00:01:32.001,-3.5209035999999996,7.8901900000000005,-3.88231968,1,37.9341212,-68.9951072,40.360941600000004,39.6244
2022-06-07 00:01:32.251,-2.735297288,10.663244400000002,-3.6877625999999997,1,-77.07070560000001,115.91457999999999,-39.870742799999995,39.6192
2022-06-07 00:01:32.501,-4.246897688000001,8.1775192,-2.2503432400000003,1,-21.292716576000004,10.787811600000003,-25.765839200000002,39.6164
2022-06-07 00:01:32.751,-2.5960395999999997,9.371503200000001,-3.800185119999999,1,59.6683,-86.678104,28.278040000000004,39.6192
2022-06-07 00:01:33.001,-2.9843865999999997,8.470896,-4.683453,1,25.904882800000006,-22.8707152,13.948808800000002,39.61840000000001
2022-06-07 00:01:33.251,-3.3030584000000003,9.9308356,-2.55617032,1,-100.01472240000001,161.365824,-44.60975319999999,39.617999999999995
2022-06-07 00:01:33.501,-4.6443495200000005,8.7668416,-2.04696748,1,1.4073183999999983,-16.748792400000003,-28.670688799999997,39.6144
2022-06-07 00:01:33.751,-2.5829102,9.8710324,-2.6461647599999996,1,84.809748,-98.50975599999998,60.09269400000001,39.6164
2022-06-07 00:01:34.001,-3.304688439999999,8.530122,-4.4697284,1,15.275606399999997,-18.124355599999998,6.1829456,39.6088
2022-06-07 00:01:34.251,-2.403017764,9.4564156,-3.5387307999999997,1,-66.50242696000001,83.817068,-14.180489600000001,39.6196
2022-06-07 00:01:34.501,-3.9012004,8.311127599999999,-2.0727488,1,29.646361639999995,-84.4048924,15.3585292,39.61
2022-06-07 00:01:34.751,-2.9691482000000002,7.796656799999999,-3.4484482400000003,1,30.39512,6.960905199999997,51.256102,39.6068
2022-06-07 00:01:35.001,-1.9053157079999996,11.448852799999997,-3.729839292,1,-10.00239136,104.97806128,-70.646324,39.6048
2022-06-07 00:01:35.251,-4.979985279999999,8.2695252,-2.29002044,1,-53.99021079999999,-6.4487859999999975,-12.231741200000002,39.611599999999996
2022-06-07 00:01:35.501,-0.91767604,9.4117588,-3.6615031599999996,1,78.43172,-104.004832,78.33421600000001,39.6092
2022-06-07 00:01:35.751,-2.15373432,10.660847600000002,-4.07083908,1,-15.087824799999998,77.785256,-50.814642000000006,39.6116
2022-06-07 00:01:36.001,-2.4737474,8.3726576,-2.10993544,1,-45.64631676,95.75369839999999,-19.758533200000002,39.6064
2022-06-07 00:01:36.251,-0.58712064,10.4300676,-2.1772157279999997,1,36.319492,-95.88532439999999,31.795121200000004,39.6036
2022-06-07 00:01:36.501,-1.3392789600000001,8.887512399999999,-2.9625351999999996,1,17.426819599999998,-2.2267667999999983,-9.921930799999998,39.6036
2022-06-07 00:01:36.751,-3.4533358999999995,7.8911492,-2.25906476,1,-68.7732056,54.7024048,2.107298799999999,39.601600000000005
2022-06-07 00:01:37.001,-2.22705232,10.363366,-3.3944899080000006,1,62.251223599999996,-118.8048296,12.9536424,39.598
2022-06-07 00:01:37.251,-2.64166044,9.5188156,-3.7995131999999994,1,30.0268316,6.975563200000002,4.170783599999999,39.594
2022-06-07 00:01:37.501,-2.64022148,8.9273712,-1.933779892,1,-75.7244036,94.09021159999999,-35.6146344,39.5956
2022-06-07 00:01:37.751,-3.6933234000000006,9.964664,-2.55559432,1,38.690265200000006,-67.792712,-18.685366,39.594800000000006
2022-06-07 00:01:38.001,-3.11041812,7.9913984000000005,-3.56029492,1,57.158564,-50.4146288,59.502488400000004,39.5948
2022-06-07 00:01:38.251,-1.766441424,10.7063792,-3.18641936,1,-71.1292832,132.6195016,-41.241466,39.592800000000004
2022-06-07 00:01:38.501,-4.185559512,9.6870176,-2.19657504,1,1.329261199999999,-71.373156,-28.870737960000007,39.5976
2022-06-07 00:01:38.751,-1.7004081600000003,8.064912,-2.7261922,1,74.1414884,-65.72683076,73.3000396,39.592800000000004
2022-06-07 00:01:39.001,-1.5605757519999996,11.057435999999997,-4.7751744,1,-26.875550799999996,59.5805,-77.76342879999999,39.5908
2022-06-07 00:01:39.251,-4.0308722,7.801540800000001,-2.43752052,1,-53.6488008,32.939023199999994,-14.460922,39.5984
2022-06-07 00:01:39.501,-2.4696255199999997,10.3252244,-3.1208639999999996,1,68.158584,-118.285324,41.62929136,39.5956
2022-06-07 00:01:39.751,-2.21248624,9.364314,-4.09479844,1,12.999991999999999,28.304802400000003,-4.860978400000001,39.594800000000006
2022-06-07 00:01:40.001,-2.5198473599999995,8.906012399999998,-1.9709682400000004,1,-67.9804952,99.0877852,-33.217088,39.592000000000006
2022-06-07 00:01:40.251,-3.3068915600000004,9.9922688,-1.51284764,1,3.6048469759999993,-36.856128,-14.151222399999996,39.58840000000001
2022-06-07 00:01:40.501,-1.75589924,7.908110000000001,-3.463687272,1,77.28783184,-57.28292160000001,55.568316800000005,39.587199999999996
2022-06-07 00:01:40.751,-1.6960924800000001,11.3726656,-3.1719458199999995,1,-53.50737144000001,100.66345199999999,-57.3658124,39.5904
2022-06-07 00:01:41.001,-4.10486348,9.369110000000001,-2.39285672,1,-9.378045600000002,-36.2439012,-21.7877304,39.592000000000006
2022-06-07 00:01:41.251,-1.1029354,9.319374,-4.0943211999999995,1,62.05609999999999,-83.07320039999999,59.65608639999999,39.5924
2022-06-07 00:01:41.501,-2.77190856,9.39077,-3.5616375600000003,1,4.843893999999999,70.729256,-41.8146408,39.5888
2022-06-07 00:01:41.751,-2.28091428,8.783426799999999,-2.59929944,1,-82.65853280000002,93.9024268,-22.804889320000008,39.5904
2022-06-07 00:01:42.001,-3.0911536,9.954988399999998,-1.740085776,1,-1.1512040000000001,-4.6486996,-44.265842039999995,39.59
2022-06-07 00:01:42.251,-2.5871270000000006,7.8843396,-3.026364896,1,73.6877896,-50.63905112,55.873196,39.5824
2022-06-07 00:01:42.501,-1.90033344,12.1947928,-2.5676712,1,-46.663467600000004,94.70727200000002,-45.63170768,39.5868
2022-06-07 00:01:42.751,-3.78044084,7.888370800000001,-1.251489632,1,-25.151240399999995,-1.7902532000000009,-7.260950400000001,39.5912
2022-06-07 00:01:43.001,-1.9784416200000001,10.4754944,-3.2074086399999993,1,62.3195064,-138.912152,28.643907199999997,39.588
2022-06-07 00:01:43.251,-1.38250412,8.633333999999998,-3.9649348520000003,1,42.880485376,-5.721955999999999,17.8902324,39.5848
2022-06-07 00:01:43.501,-1.7534070800000001,10.14993,-3.2340524,1,-81.6854328,127.2438784,-33.1926736,39.5868
2022-06-07 00:01:43.751,-3.246128487999999,10.2074308,-1.361898444,1,-9.253676,-12.265849599999997,-27.965862400000002,39.5916
2022-06-07 00:01:44.001,-0.7059631199999999,8.232534000000001,-3.48467752,1,69.85122444,-98.22683200000002,49.35366039999999,39.58560000000001
2022-06-07 00:01:44.251,-1.5870276800000003,10.728804400000001,-3.8461884800000004,1,-5.1853504,53.6023948,-47.697588399999994,39.5852
2022-06-07 00:01:44.501,-2.7848472400000004,8.513824399999999,-2.1404128399999998,1,-73.34881680000001,101.62435371999999,-32.0487944,39.592400000000005
2022-06-07 00:01:44.751,-1.5452407199999998,10.5817804,-1.9243877200000004,1,58.9439168,-111.75609399999999,34.7999948,39.589600000000004
